wallet_id,label
WALLET_0x000000000002,1
WALLET_0x000000000004,1
WALLET_0x00000000002b,1
WALLET_0x00000000003c,1
WALLET_0x00000000003d,1
WALLET_0x000000000041,1
WALLET_0x00000000005d,1
WALLET_0x000000000067,1
WALLET_0x00000000006c,1
WALLET_0x00000000007a,1
WALLET_0x000000000080,1
WALLET_0x000000000085,1
WALLET_0x000000000089,1
WALLET_0x000000000097,1
WALLET_0x00000000009d,1
WALLET_0x00000000009e,1
WALLET_0x0000000000a0,1
WALLET_0x0000000000a3,1
WALLET_0x0000000000a5,1
WALLET_0x0000000000a8,1
WALLET_0x0000000000ab,1
WALLET_0x0000000000bd,1
WALLET_0x0000000000c1,1
WALLET_0x0000000000c2,1
WALLET_0x0000000000c5,1
WALLET_0x0000000000ce,1
WALLET_0x0000000000d2,1
WALLET_0x0000000000dc,1
WALLET_0x0000000000ec,1
WALLET_0x0000000000fb,1
WALLET_0x0000000000ff,1
WALLET_0x000000000109,1
WALLET_0x00000000010b,1
WALLET_0x00000000010e,1
WALLET_0x000000000114,1
WALLET_0x000000000129,1
WALLET_0x00000000012f,1
WALLET_0x000000000131,1
WALLET_0x000000000132,1
WALLET_0x000000000136,1
WALLET_0x000000000137,1
WALLET_0x00000000013f,1
WALLET_0x000000000142,1
WALLET_0x000000000143,1
WALLET_0x000000000147,1
WALLET_0x000000000150,1
WALLET_0x000000000158,1
WALLET_0x00000000016c,1
WALLET_0x000000000181,1
WALLET_0x000000000185,1
WALLET_0x000000000188,1
WALLET_0x00000000018d,1
WALLET_0x00000000018e,1
WALLET_0x0000000001a5,1
WALLET_0x0000000001a6,1
WALLET_0x0000000001a8,1
WALLET_0x0000000001aa,1
WALLET_0x0000000001b7,1
WALLET_0x0000000001c9,1
WALLET_0x0000000001cc,1
WALLET_0x0000000001d2,1
WALLET_0x0000000001d7,1
WALLET_0x0000000001db,1
WALLET_0x0000000001e1,1
WALLET_0x0000000001ea,1
WALLET_0x0000000001f4,1
WALLET_0x0000000001f6,1
WALLET_0x000000000206,1
WALLET_0x000000000215,1
WALLET_0x00000000021e,1
WALLET_0x00000000021f,1
WALLET_0x00000000022c,1
WALLET_0x000000000237,1
WALLET_0x000000000249,1
WALLET_0x00000000024b,1
WALLET_0x00000000024e,1
WALLET_0x000000000250,1
WALLET_0x000000000258,1
WALLET_0x00000000025f,1
WALLET_0x00000000026f,1
WALLET_0x000000000270,1
WALLET_0x000000000288,1
WALLET_0x00000000028a,1
WALLET_0x00000000028c,1
WALLET_0x00000000028e,1
WALLET_0x000000000297,1
WALLET_0x000000000299,1
WALLET_0x0000000002ac,1
WALLET_0x0000000002b2,1
WALLET_0x0000000002ca,1
WALLET_0x0000000002df,1
WALLET_0x0000000002eb,1
WALLET_0x0000000002ed,1
WALLET_0x0000000002ff,1
WALLET_0x000000000304,1
WALLET_0x000000000305,1
WALLET_0x00000000030d,1
WALLET_0x000000000312,1
WALLET_0x000000000313,1
WALLET_0x00000000031f,1
WALLET_0x000000000325,1
WALLET_0x000000000326,1
WALLET_0x000000000327,1
WALLET_0x00000000032c,1
WALLET_0x00000000032e,1
WALLET_0x000000000339,1
WALLET_0x00000000033a,1
WALLET_0x000000000345,1
WALLET_0x000000000349,1
WALLET_0x00000000034b,1
WALLET_0x00000000035a,1
WALLET_0x000000000366,1
WALLET_0x000000000368,1
WALLET_0x00000000036c,1
WALLET_0x000000000383,1
WALLET_0x000000000386,1
WALLET_0x00000000038a,1
WALLET_0x000000000394,1
WALLET_0x000000000395,1
WALLET_0x00000000039e,1
WALLET_0x0000000003a7,1
WALLET_0x0000000003aa,1
WALLET_0x0000000003af,1
WALLET_0x0000000003b0,1
WALLET_0x0000000003c2,1
WALLET_0x0000000003c6,1
WALLET_0x0000000003d9,1
WALLET_0x0000000003e6,1
WALLET_0x0000000003f3,1
WALLET_0x0000000003f6,1
WALLET_0x0000000003f7,1
WALLET_0x0000000003fa,1
WALLET_0x000000000401,1
WALLET_0x000000000405,1
WALLET_0x000000000406,1
WALLET_0x00000000040b,1
WALLET_0x00000000040d,1
WALLET_0x000000000415,1
WALLET_0x000000000423,1
WALLET_0x000000000427,1
WALLET_0x000000000432,1
WALLET_0x00000000043e,1
WALLET_0x00000000044d,1
WALLET_0x00000000044f,1
WALLET_0x000000000459,1
WALLET_0x00000000045e,1
WALLET_0x000000000465,1
WALLET_0x000000000474,1
WALLET_0x000000000478,1
WALLET_0x000000000479,1
WALLET_0x00000000047c,1
WALLET_0x00000000048c,1
WALLET_0x00000000049c,1
WALLET_0x00000000049d,1
WALLET_0x00000000049f,1
WALLET_0x0000000004ab,1
WALLET_0x0000000004c2,1
WALLET_0x0000000004d0,1
WALLET_0x0000000004d6,1
WALLET_0x0000000004dd,1
WALLET_0x0000000004de,1
WALLET_0x0000000004f4,1
WALLET_0x0000000004fa,1
WALLET_0x0000000004fc,1
WALLET_0x0000000004ff,1
WALLET_0x000000000505,1
WALLET_0x000000000516,1
WALLET_0x00000000052d,1
WALLET_0x000000000538,1
WALLET_0x000000000547,1
WALLET_0x000000000554,1
WALLET_0x000000000557,1
WALLET_0x000000000558,1
WALLET_0x000000000559,1
WALLET_0x00000000055b,1
WALLET_0x000000000562,1
WALLET_0x000000000569,1
WALLET_0x00000000056e,1
WALLET_0x00000000056f,1
WALLET_0x000000000572,1
WALLET_0x000000000579,1
WALLET_0x00000000057a,1
WALLET_0x00000000057f,1
WALLET_0x000000000585,1
WALLET_0x000000000587,1
WALLET_0x000000000588,1
WALLET_0x00000000058b,1
WALLET_0x000000000594,1
WALLET_0x0000000005a4,1
WALLET_0x0000000005a9,1
WALLET_0x0000000005b5,1
WALLET_0x0000000005b6,1
WALLET_0x0000000005bb,1
WALLET_0x0000000005c2,1
WALLET_0x0000000005c3,1
WALLET_0x0000000005d6,1
WALLET_0x0000000005da,1
WALLET_0x0000000005db,1
WALLET_0x0000000005e1,1
WALLET_0x0000000005ec,1
WALLET_0x0000000005f2,1
WALLET_0x0000000005fa,1
WALLET_0x0000000005ff,1
WALLET_0x000000000604,1
WALLET_0x00000000060e,1
WALLET_0x000000000619,1
WALLET_0x000000000627,1
WALLET_0x000000000629,1
WALLET_0x00000000062b,1
WALLET_0x000000000632,1
WALLET_0x000000000638,1
WALLET_0x00000000064b,1
WALLET_0x000000000684,1
WALLET_0x000000000692,1
WALLET_0x00000000069c,1
WALLET_0x0000000006a9,1
WALLET_0x0000000006b9,1
WALLET_0x0000000006c1,1
WALLET_0x0000000006c8,1
WALLET_0x0000000006ec,1
WALLET_0x0000000006ee,1
WALLET_0x0000000006ef,1
WALLET_0x0000000006f5,1
WALLET_0x0000000006fd,1
WALLET_0x0000000006ff,1
WALLET_0x000000000705,1
WALLET_0x00000000070e,1
WALLET_0x000000000714,1
WALLET_0x000000000721,1
WALLET_0x00000000072f,1
WALLET_0x00000000073c,1
WALLET_0x000000000740,1
WALLET_0x000000000742,1
WALLET_0x00000000074e,1
WALLET_0x000000000759,1
WALLET_0x000000000765,1
WALLET_0x000000000769,1
WALLET_0x00000000076b,1
WALLET_0x00000000076d,1
WALLET_0x000000000773,1
WALLET_0x00000000077f,1
WALLET_0x000000000794,1
WALLET_0x000000000797,1
WALLET_0x000000000799,1
WALLET_0x0000000007a3,1
WALLET_0x0000000007aa,1
WALLET_0x0000000007af,1
WALLET_0x0000000007c2,1
WALLET_0x0000000007c7,1
WALLET_0x0000000007cc,1
